{"cameraMode":{"drawMode":0,"name":"Shaded","section":"Shading Mode"},"sceneLighting":false,"audioPlay":false,"sceneViewState":{"showFog":true,"showMaterialUpdate":false,"showSkybox":false,"showFlares":true,"showImageEffects":true,"showParticleSystems":true},"in2DMode":false,"pivot":{"x":-0.050000011920928958,"y":0.004049509763717651,"z":7.979448318481445},"rotation":{"x":-0.11341597884893418,"y":0.8808232545852661,"z":-0.2669884264469147,"w":-0.37417158484458926},"size":0.9602179527282715,"orthographic":false}