{"cameraMode":{"drawMode":0,"name":"Shaded","section":"Shading Mode"},"sceneLighting":false,"audioPlay":false,"sceneViewState":{"showFog":true,"showMaterialUpdate":false,"showSkybox":false,"showFlares":true,"showImageEffects":true,"showParticleSystems":true},"in2DMode":false,"pivot":{"x":-0.32999998331069949,"y":-0.3813702464103699,"z":7.860000133514404},"rotation":{"x":0.4161490201950073,"y":-0.3196980059146881,"z":-0.15897969901561738,"w":-0.8363211154937744},"size":0.5097783803939819,"orthographic":false}