{"cameraMode":{"drawMode":0,"name":"Shaded","section":"Shading Mode"},"sceneLighting":true,"audioPlay":false,"sceneViewState":{"showFog":true,"showMaterialUpdate":true,"showSkybox":false,"showFlares":true,"showImageEffects":true,"showParticleSystems":true},"in2DMode":false,"pivot":{"x":-6.054620742797852,"y":-8.477008819580079,"z":3.6030006408691408},"rotation":{"x":-0.3632254898548126,"y":0.5602206587791443,"z":-0.2983100116252899,"w":-0.682102382183075},"size":7.5554375648498539,"orthographic":false}